time,.header.seq,.header.stamp.secs,.header.stamp.nsecs,.header.frame_id,.child_frame_id,.transform.translation.x,.transform.translation.y,.transform.translation.z,.transform.rotation.x,.transform.rotation.y,.transform.rotation.z,.transform.rotation.w
2024/03/24/23:08:28.807587,14317,1711336108,725376180,/vicon/world,vicon/slot_car/slot_car,0.485760892991625,1.1175591467281005,0.03136391767933523,0.02052437936993288,0.02797123240250694,0.6568451979134493,0.7532268887841204
2024/03/24/23:08:28.807819,14318,1711336108,733752180,/vicon/world,vicon/slot_car/slot_car,0.48576661706115265,1.1175468350771887,0.031364397009970735,0.020507010287887987,0.02799344557808046,0.656835068546865,0.7532353697621711
2024/03/24/23:08:28.809002,14319,1711336108,743026980,/vicon/world,vicon/slot_car/slot_car,0.4857705264523306,1.1175365626286704,0.03134792408093374,0.020596638650497073,0.027926217607697087,0.656876541691277,0.7531992524041274
2024/03/24/23:08:28.809016,14320,1711336108,759216980,/vicon/world,vicon/slot_car/slot_car,0.48576730868457263,1.1175196286711437,0.03135509878039129,0.020590335132606594,0.027921842563553245,0.6569060476521537,0.7531738533466291
2024/03/24/23:08:28.816649,14321,1711336108,774809280,/vicon/world,vicon/slot_car/slot_car,0.4857687964667274,1.1175083958117562,0.031358873297626766,0.020818650693685326,0.027951103882083602,0.6568725909085366,0.7531956710498101
2024/03/24/23:08:28.816659,14322,1711336108,797184080,/vicon/world,vicon/slot_car/slot_car,0.48575833394791074,1.1174426289947805,0.031351808545200144,0.020670996993819357,0.02772769181943438,0.6568418469904174,0.7532348060411608
2024/03/24/23:08:28.819821,14323,1711336108,799476850,/vicon/world,vicon/slot_car/slot_car,0.485767871820668,1.1173870237142485,0.031345565741812444,0.020716002411966614,0.027781611378288013,0.656783238195568,0.7532826875341267
2024/03/24/23:08:28.828204,14324,1711336108,807632427,/vicon/world,vicon/slot_car/slot_car,0.48576364909356495,1.117292576242827,0.03134612657018048,0.020758534450383347,0.02781194778053272,0.6568351774422936,0.7532351083708697
2024/03/24/23:08:28.840656,14325,1711336108,816065727,/vicon/world,vicon/slot_car/slot_car,0.48573848120285934,1.1171550844501341,0.03136476696193821,0.02088408725180375,0.02787194728144036,0.6568819392854678,0.7531886399136426
2024/03/24/23:08:28.849299,14326,1711336108,824948599,/vicon/world,vicon/slot_car/slot_car,0.4857428358849889,1.116991875698555,0.03136281556790309,0.02104105311931116,0.027629837460814734,0.6570564201094423,0.7530409862407779
2024/03/24/23:08:28.880054,14327,1711336108,838692699,/vicon/world,vicon/slot_car/slot_car,0.485745910409397,1.1168093937506085,0.031350142147417985,0.020993072563475143,0.027412388973850923,0.6571354428050857,0.7529813156011607
2024/03/24/23:08:28.880071,14328,1711336108,855025699,/vicon/world,vicon/slot_car/slot_car,0.48572698696924665,1.1163304363307804,0.03135196069281843,0.020775529660484755,0.027443662064482975,0.6575516736622108,0.752622760248348
2024/03/24/23:08:28.884223,14329,1711336108,859753999,/vicon/world,vicon/slot_car/slot_car,0.48572375421746267,1.116080538678201,0.031362730448167404,0.020689074475607645,0.02729718262186509,0.6577857425814153,0.7524259052390923
2024/03/24/23:08:28.919954,14330,1711336108,870326312,/vicon/world,vicon/slot_car/slot_car,0.48571348579146306,1.1159546988409992,0.031361092873291856,0.020946687174170624,0.02717345913136556,0.6578703569647536,0.7523492758302697
2024/03/24/23:08:28.920064,14331,1711336108,878604212,/vicon/world,vicon/slot_car/slot_car,0.4857104922820612,1.1159389075335344,0.031360663207630986,0.021013284170793074,0.02729826067166134,0.6578978365037043,0.7523188709426374
2024/03/24/23:08:28.920216,14332,1711336108,894882713,/vicon/world,vicon/slot_car/slot_car,0.48572825029830846,1.1158752364883504,0.031358523854895945,0.021033393473407127,0.02718667905222023,0.6578941940156756,0.7523255348062892
2024/03/24/23:08:28.920227,14333,1711336108,899751612,/vicon/world,vicon/slot_car/slot_car,0.4857287978002843,1.1158137931093965,0.031360946364765246,0.021161025432848056,0.027293135436250317,0.6578380387733263,0.7523672045640696
2024/03/24/23:08:28.933808,14334,1711336108,913225104,/vicon/world,vicon/slot_car/slot_car,0.4857175316101037,1.1157550514381815,0.03134974535698862,0.021200024706775657,0.02719942334463719,0.6578992145662163,0.752316006605806
2024/03/24/23:08:28.949169,14335,1711336108,916465304,/vicon/world,vicon/slot_car/slot_car,0.4857050461793875,1.1157186782206718,0.031361674050412756,0.02122969591535846,0.027272685797117707,0.6578415496949974,0.7523629417479554
2024/03/24/23:08:28.949277,14336,1711336108,924667304,/vicon/world,vicon/slot_car/slot_car,0.4857228966915155,1.1156743789270267,0.03135470701636198,0.02138117836006122,0.02736663360933408,0.6578300043411623,0.7523653354357404
2024/03/24/23:08:28.965620,14337,1711336108,933157127,/vicon/world,vicon/slot_car/slot_car,0.48574685056631134,1.1156339581676091,0.031341136789154,0.021398733747504457,0.027542826176120413,0.6576681119085855,0.752499927906197
2024/03/24/23:08:28.965823,14338,1711336108,941540727,/vicon/world,vicon/slot_car/slot_car,0.48575136618587145,1.1155768668971557,0.03132634919062229,0.021509495671386682,0.02763519479612268,0.6575932293444195,0.7525588231659507
2024/03/24/23:08:28.990728,14339,1711336108,950032838,/vicon/world,vicon/slot_car/slot_car,0.4857480816439623,1.1155305745846942,0.031338020008272176,0.021580863342702955,0.027680000729102965,0.6574489296838442,0.7526811999476194
2024/03/24/23:08:28.990893,14340,1711336108,958364237,/vicon/world,vicon/slot_car/slot_car,0.48574973507059577,1.115467380610239,0.0313486651635829,0.021608987266631765,0.027726772449880772,0.6573463526722465,0.7527682580896444
2024/03/24/23:08:28.991237,14341,1711336108,966767037,/vicon/world,vicon/slot_car/slot_car,0.4857543277240926,1.1154117714673142,0.031348125896668265,0.02155408125564846,0.027741724700244635,0.6571941631325442,0.752902151834085
2024/03/24/23:08:28.995164,14342,1711336108,975177323,/vicon/world,vicon/slot_car/slot_car,0.48574320094399326,1.1153554805583688,0.031336724697076955,0.021688939903215042,0.02781728529774581,0.6570953741680228,0.7529817114455867
2024/03/24/23:08:29.003317,14343,1711336108,983556323,/vicon/world,vicon/slot_car/slot_car,0.4857370568979695,1.1153270638897643,0.03133169818629559,0.021594998749727905,0.027784783393455532,0.6570151539286371,0.7530556084041253
2024/03/24/23:08:29.032670,14344,1711336108,991901123,/vicon/world,vicon/slot_car/slot_car,0.4857281512849422,1.1152670378142173,0.03133189859294569,0.02172265979339533,0.02783114891628879,0.6568277194366532,0.7532137148121674
2024/03/24/23:08:29.032746,14345,1711336109,208023,/vicon/world,vicon/slot_car/slot_car,0.4857319301102762,1.1152451009770457,0.03131931429212295,0.021734866410443705,0.02781681675305485,0.6567055898587276,0.7533203757606373
2024/03/24/23:08:29.040514,14346,1711336109,8322495,/vicon/world,vicon/slot_car/slot_car,0.48572064116568225,1.1152103255544696,0.031321463475268964,0.021631477946092263,0.027740337149832987,0.6566529501992869,0.75337205672314
2024/03/24/23:08:29.040796,14347,1711336109,16737896,/vicon/world,vicon/slot_car/slot_car,0.4857156330822805,1.1151930046713376,0.031338288402769525,0.021577984286930477,0.02765356695717364,0.6566652705114984,0.7533660420623688
2024/03/24/23:08:29.085345,14348,1711336109,36430582,/vicon/world,vicon/slot_car/slot_car,0.48571971275091647,1.1151616189170936,0.031344396217530886,0.021622624280610157,0.027684527887615763,0.6566383210763532,0.7533871145227315
2024/03/24/23:08:29.085535,14349,1711336109,44624482,/vicon/world,vicon/slot_car/slot_car,0.48572597388007666,1.1151487895573913,0.031323039268233537,0.021636016332648327,0.027748558411717257,0.6565482800770087,0.7534628432983584
2024/03/24/23:08:29.085611,14350,1711336109,52858282,/vicon/world,vicon/slot_car/slot_car,0.4857127412333643,1.1151232663964696,0.031305302388954494,0.02178313914023588,0.027775115170421496,0.6565086385336552,0.7534921667523515
2024/03/24/23:08:29.085768,14351,1711336109,61131982,/vicon/world,vicon/slot_car/slot_car,0.48570983228653997,1.1151197596878784,0.03130670998753843,0.02173398539440426,0.027703001211463834,0.6565180571470469,0.7534880345716316
2024/03/24/23:08:29.085841,14352,1711336109,66059882,/vicon/world,vicon/slot_car/slot_car,0.4857139236061197,1.1150992956834391,0.0313102013210263,0.021646038942951456,0.027697885023703562,0.6564973951136411,0.7535087566659712
2024/03/24/23:08:29.086618,14353,1711336109,66741582,/vicon/world,vicon/slot_car/slot_car,0.48572411267440013,1.1150970414627304,0.03130922018027936,0.021677718496194414,0.027717866446226976,0.6564509495570485,0.7535475746269231
2024/03/24/23:08:29.109644,14354,1711336109,77431078,/vicon/world,vicon/slot_car/slot_car,0.48571438925654403,1.1150894899044133,0.031311425290232384,0.021648594402131863,0.027655982776934172,0.6564582095564381,0.7535443610584646
2024/03/24/23:08:29.109677,14355,1711336109,85540478,/vicon/world,vicon/slot_car/slot_car,0.48570246774943293,1.1151006278993625,0.03133059226395626,0.02155705858491135,0.02752985716423082,0.6564957892322822,0.753518864335835
2024/03/24/23:08:29.115622,14356,1711336109,91816177,/vicon/world,vicon/slot_car/slot_car,0.48569295077517743,1.115091637234372,0.03133273552768316,0.021595246651592664,0.02754038796196372,0.6564898902527283,0.753522525442287
2024/03/24/23:08:29.132268,14357,1711336109,100021072,/vicon/world,vicon/slot_car/slot_car,0.4857019328794997,1.1150999028304647,0.03131419195565673,0.021609293649838924,0.027557093447829813,0.6564697388829804,0.7535390679716442
2024/03/24/23:08:29.132793,14358,1711336109,108720572,/vicon/world,vicon/slot_car/slot_car,0.4857009205411721,1.1150943403039806,0.03130037522958664,0.021736063517392757,0.027627473968752668,0.6564535514755224,0.753546946765792
2024/03/24/23:08:29.140202,14359,1711336109,116700150,/vicon/world,vicon/slot_car/slot_car,0.48570163549906814,1.1150992379941573,0.03130690469409512,0.021592754117994876,0.02754934495699371,0.6564731010496141,0.7535368963497033
2024/03/24/23:08:29.148866,14360,1711336109,125195750,/vicon/world,vicon/slot_car/slot_car,0.48570550131451573,1.1150926140318287,0.03131098611012561,0.02162034381296198,0.02748248789888436,0.6565222634751372,0.7534957140911815
2024/03/24/23:08:29.165881,14361,1711336109,133914331,/vicon/world,vicon/slot_car/slot_car,0.4857099349512594,1.1150936283887227,0.03130142081355931,0.021568046541633714,0.027552782182612586,0.6565255128543847,0.75349181451006
2024/03/24/23:08:29.165903,14362,1711336109,142065131,/vicon/world,vicon/slot_car/slot_car,0.4856906721020806,1.1150878002521742,0.031304978673838066,0.02151202683075088,0.02751952862753215,0.6565402499353246,0.753481790397494
2024/03/24/23:08:29.173531,14363,1711336109,150146140,/vicon/world,vicon/slot_car/slot_car,0.48568557356359343,1.1150854906988938,0.0313103644160986,0.02151527353012565,0.0274292182554252,0.6565861291599929,0.7534450119189304
2024/03/24/23:08:29.182870,14364,1711336109,159107840,/vicon/world,vicon/slot_car/slot_car,0.4856973511536861,1.1150702723255983,0.031300658226187425,0.021553958821976037,0.02752109761806272,0.6565569949995911,0.7534659437307731
2024/03/24/23:08:29.190131,14365,1711336109,166699472,/vicon/world,vicon/slot_car/slot_car,0.485709591120209,1.115055551178903,0.031280047483565755,0.021681908212680817,0.027568409702480038,0.6565375843934069,0.7534774568104896
2024/03/24/23:08:29.207508,14366,1711336109,175169455,/vicon/world,vicon/slot_car/slot_car,0.48569819005595155,1.1150257356261226,0.03128087162183841,0.02160815663558191,0.02757008038637408,0.6565926523961906,0.7534315277804854
2024/03/24/23:08:29.207711,14367,1711336109,183583155,/vicon/world,vicon/slot_car/slot_car,0.4856808776337719,1.115005071083187,0.03131462511620554,0.02151435271275844,0.027375546959946664,0.6566503250319299,0.7533910423488294
2024/03/24/23:08:29.211333,14368,1711336109,191641951,/vicon/world,vicon/slot_car/slot_car,0.4856783281213291,1.1149712516867656,0.03132336862042457,0.021444174541884655,0.027261351064937402,0.6566882641465955,0.7533641150522519
2024/03/24/23:08:29.225726,14369,1711336109,205887681,/vicon/world,vicon/slot_car/slot_car,0.48568397546475406,1.1149432409513578,0.03130503494288297,0.021549149222896132,0.02736384273903596,0.6566666931205318,0.7533762064363779
2024/03/24/23:08:29.228219,14370,1711336109,208444481,/vicon/world,vicon/slot_car/slot_car,0.48567410716418596,1.1149077958295281,0.031293720732528514,0.02157069698179188,0.027318498133111477,0.6566876718410136,0.7533589492025035
2024/03/24/23:08:29.248732,14371,1711336109,216923155,/vicon/world,vicon/slot_car/slot_car,0.485668622553738,1.1148751690286007,0.03130536867660891,0.0214653376636111,0.02727032156456942,0.6567275994729432,0.753328898245154
2024/03/24/23:08:29.248948,14372,1711336109,225355556,/vicon/world,vicon/slot_car/slot_car,0.4856697754258779,1.1148239266047097,0.031308606480885334,0.02136897294338837,0.027185236188233982,0.6567982172187352,0.7532731455368802
2024/03/24/23:08:29.259906,14373,1711336109,236438323,/vicon/world,vicon/slot_car/slot_car,0.48567275497979695,1.114763674930888,0.03129651352529554,0.021342263854890357,0.027180812473010883,0.6568448749719723,0.7532333777986139
2024/03/24/23:08:29.265661,14374,1711336109,242272123,/vicon/world,vicon/slot_car/slot_car,0.4856552145878843,1.1146791605993411,0.031309092958616946,0.021225938925259168,0.027221697537404065,0.6568900648481099,0.7531957789338501
2024/03/24/23:08:29.273472,14375,1711336109,250164569,/vicon/world,vicon/slot_car/slot_car,0.48565548873634307,1.1145328840009894,0.03134616107285256,0.021017980049701235,0.027384806548548912,0.6571554462518154,0.752964166708155
2024/03/24/23:08:29.282850,14376,1711336109,259385070,/vicon/world,vicon/slot_car/slot_car,0.4856556768099896,1.11435564669957,0.03134500417903293,0.021006708416410048,0.027254053089494523,0.6572868103573878,0.7528545568181907
2024/03/24/23:08:29.295254,14377,1711336109,271753030,/vicon/world,vicon/slot_car/slot_car,0.4856532924598747,1.114243513417707,0.03131822325252263,0.021018454281608832,0.027312696613104256,0.657265255165891,0.7528709222270764
2024/03/24/23:08:29.299083,14378,1711336109,275450847,/vicon/world,vicon/slot_car/slot_car,0.4856378649395253,1.1141458501101802,0.031312623095303034,0.02111972463747193,0.027492940037234993,0.6571947601626998,0.7529230655877385
2024/03/24/23:08:29.315519,14379,1711336109,283646763,/vicon/world,vicon/slot_car/slot_car,0.48563332826746525,1.1140440888613725,0.03133074818850096,0.021122940196034685,0.02731345611952689,0.6571731311462677,0.752948386153853
2024/03/24/23:08:29.315701,14380,1711336109,292011163,/vicon/world,vicon/slot_car/slot_car,0.4856281694656233,1.1138944573380936,0.03134796149063323,0.021050366620765128,0.02726498648771469,0.6570351941409878,0.7530725438077468
2024/03/24/23:08:29.328043,14381,1711336109,304130567,/vicon/world,vicon/slot_car/slot_car,0.48561414159684246,1.1136985537601127,0.03133641850669811,0.021283134980680195,0.027252667185710577,0.6568302555914262,0.7532452028631585
2024/03/24/23:08:29.336260,14382,1711336109,312520767,/vicon/world,vicon/slot_car/slot_car,0.485556453762479,1.1134829240580786,0.03132507959192937,0.021240131052222277,0.02713216601162596,0.6564216314332689,0.7536068896891055
2024/03/24/23:08:29.340416,14383,1711336109,316752584,/vicon/world,vicon/slot_car/slot_car,0.4855630984726346,1.1131851926778966,0.03133904327627697,0.02114682030514214,0.026994191689349314,0.6566967388060945,0.7533747532586029
2024/03/24/23:08:29.366000,14384,1711336109,325201397,/vicon/world,vicon/slot_car/slot_car,0.48559090018883994,1.112840098193715,0.0313516219279504,0.021091825076875664,0.026945754977879342,0.6571876783863927,0.7529498101339172
2024/03/24/23:08:29.366313,14385,1711336109,333670197,/vicon/world,vicon/slot_car/slot_car,0.4855928793182422,1.1125923101682662,0.03131998434902356,0.02096277588739434,0.026792693908626024,0.6572811725204838,0.7528772634568741
2024/03/24/23:08:29.366391,14386,1711336109,341871997,/vicon/world,vicon/slot_car/slot_car,0.4855707688013151,1.1124375538552995,0.03131613542527917,0.021075489181144557,0.02673970057394468,0.6572434350773579,0.7529089448377579
2024/03/24/23:08:29.370245,14387,1711336109,350495597,/vicon/world,vicon/slot_car/slot_car,0.4855603013003914,1.1123008755673525,0.031330252283642814,0.020977382062059118,0.02666396337136351,0.6572361351061653,0.7529207429802046
2024/03/24/23:08:29.378167,14388,1711336109,358234156,/vicon/world,vicon/slot_car/slot_car,0.48555870422662967,1.1120781035730052,0.03134372626973766,0.020795424274025424,0.026754041311956873,0.6571876668492247,0.7529649010040333
2024/03/24/23:08:29.399082,14389,1711336109,366798456,/vicon/world,vicon/slot_car/slot_car,0.4855679562570047,1.1116718212726298,0.03132838673046326,0.020525556605339224,0.02659468002657068,0.6573669384752451,0.752821448100417
2024/03/24/23:08:29.399295,14390,1711336109,375132456,/vicon/world,vicon/slot_car/slot_car,0.48553782002168877,1.1110842085207713,0.03133401371494648,0.020242604398725116,0.026802706911317847,0.6574081746764014,0.7527857223260978
2024/03/24/23:08:29.416314,14391,1711336109,384405899,/vicon/world,vicon/slot_car/slot_car,0.4855166818807111,1.1102826464974496,0.031338764172096384,0.02099148725661025,0.02689301954179508,0.6568926181558451,0.7532119297880506
2024/03/24/23:08:29.416334,14392,1711336109,392496599,/vicon/world,vicon/slot_car/slot_car,0.4854722693860671,1.1089642980337404,0.03134020390994614,0.021739287609644716,0.02714340117158987,0.6562550278867358,0.7537373398740723
2024/03/24/23:08:29.432923,14393,1711336109,409396597,/vicon/world,vicon/slot_car/slot_car,0.4853221439357335,1.1051587018769438,0.031243485831774567,0.022272504610860413,0.02735410367461244,0.6551270514109943,0.7546947959672534
2024/03/24/23:08:29.440379,14394,1711336109,416860597,/vicon/world,vicon/slot_car/slot_car,0.48517190861361764,1.1025459950101366,0.031258404944510196,0.02245630061159163,0.027213753895045212,0.6551404369134944,0.7546828036218775
2024/03/24/23:08:29.448705,14395,1711336109,425143857,/vicon/world,vicon/slot_car/slot_car,0.4851393163236366,1.0995120753395795,0.031196161220358825,0.022897073006722876,0.028022698699149494,0.6538564527193017,0.7557527318129078
2024/03/24/23:08:29.458978,14396,1711336109,435607057,/vicon/world,vicon/slot_car/slot_car,0.48494293078059575,1.0959474471327442,0.03125382808692754,0.021705017882018136,0.02820090562677575,0.652803950202079,0.7566905600845912
2024/03/24/23:08:29.465459,14397,1711336109,442213067,/vicon/world,vicon/slot_car/slot_car,0.4846705598058812,1.091895836053293,0.031226080291356116,0.0199289157315371,0.02725418579075456,0.6511919324374652,0.7581616679857984
2024/03/24/23:08:29.473627,14398,1711336109,450280086,/vicon/world,vicon/slot_car/slot_car,0.48427983686899356,1.0877900233072035,0.031230613487364813,0.018080347470498383,0.025895490775609258,0.6513694410989262,0.7581031432432587
2024/03/24/23:08:29.499956,14399,1711336109,459754786,/vicon/world,vicon/slot_car/slot_car,0.4839094362507087,1.0835745263639829,0.031112702799876005,0.017512572005151127,0.022844143753258703,0.6499011261210552,0.7594734894547203
2024/03/24/23:08:29.500054,14400,1711336109,467993486,/vicon/world,vicon/slot_car/slot_car,0.48359719365590387,1.0792498918561526,0.031148913756354275,0.016123108691753103,0.020187561810509968,0.6486471294507149,0.7606506485697677
2024/03/24/23:08:29.500126,14401,1711336109,476255386,/vicon/world,vicon/slot_car/slot_car,0.4834307443029381,1.0749139436306807,0.031138622986653538,0.018001469224505122,0.019888398083451796,0.6483094849294109,0.7609042058485387
2024/03/24/23:08:29.504589,14402,1711336109,485200386,/vicon/world,vicon/slot_car/slot_car,0.4832287916560454,1.0705736853409114,0.031144454975880996,0.01964639258851755,0.018672658946022384,0.6475996462069199,0.7614985550208323
2024/03/24/23:08:29.511931,14403,1711336109,492493359,/vicon/world,vicon/slot_car/slot_car,0.48311724447328663,1.06637423446435,0.031195065485877634,0.019970497837728522,0.02068505813224449,0.6473541880640226,0.7616468097367368
2024/03/24/23:08:29.524140,14404,1711336109,500556659,/vicon/world,vicon/slot_car/slot_car,0.4829332826031395,1.0619856763165103,0.03110808741880087,0.020416551612902123,0.022066537523809753,0.6464251849745177,0.7623848848007209
2024/03/24/23:08:29.533064,14405,1711336109,509359499,/vicon/world,vicon/slot_car/slot_car,0.4827918098895744,1.0576744246383203,0.031170545542324606,0.021225143443492283,0.024875973559161726,0.6458577860487866,0.7627571038184088
2024/03/24/23:08:29.549013,14406,1711336109,517087734,/vicon/world,vicon/slot_car/slot_car,0.4825754645029866,1.0533311727965917,0.031093277105199456,0.02085368535851877,0.026501989199849963,0.6463367123520144,0.7623067772500834
2024/03/24/23:08:29.549094,14407,1711336109,525555635,/vicon/world,vicon/slot_car/slot_car,0.48239458649121686,1.0489827098652902,0.031038678575136865,0.020805680020534498,0.028004183980295732,0.6461854103979539,0.762382649820488
2024/03/24/23:08:29.557172,14408,1711336109,533664239,/vicon/world,vicon/slot_car/slot_car,0.48214540685195606,1.0445456768732104,0.031089636366281325,0.019780949919198525,0.027785896681171696,0.6452299450682695,0.7632266871337213
2024/03/24/23:08:29.565406,14409,1711336109,542437639,/vicon/world,vicon/slot_car/slot_car,0.4817811032579115,1.0401413129400146,0.03098223932677225,0.01923139766442927,0.026555302675632653,0.6461489190608396,0.7625067498981152
2024/03/24/23:08:29.596640,14410,1711336109,556398479,/vicon/world,vicon/slot_car/slot_car,0.4814310097225586,1.0357665434871262,0.031001587580812496,0.018266358433204226,0.02535065334833548,0.6459300077087392,0.7627569138760987
2024/03/24/23:08:29.596745,14411,1711336109,564573279,/vicon/world,vicon/slot_car/slot_car,0.4812211400116353,1.031315807912645,0.030987899613022847,0.01842499049926649,0.024072137943751234,0.6458447244701989,0.7628667273999645
2024/03/24/23:08:29.596793,14412,1711336109,572729879,/vicon/world,vicon/slot_car/slot_car,0.4808991262420401,1.0267805632635918,0.030934621913172002,0.018911825558551434,0.02240985294458477,0.6454249119074047,0.7632606530107287
2024/03/24/23:08:29.599228,14413,1711336109,575796079,/vicon/world,vicon/slot_car/slot_car,0.48070314377365647,1.022305296626314,0.030888737342784685,0.019869023361040815,0.023331589388253766,0.6451339544648578,0.7634546742563249
2024/03/24/23:08:29.607347,14414,1711336109,584124043,/vicon/world,vicon/slot_car/slot_car,0.48043698344016056,1.017830912559464,0.030925445983812954,0.02075854493896257,0.02291361808768923,0.6452559044234141,0.7633405968012381
2024/03/24/23:08:29.616460,14415,1711336109,592973643,/vicon/world,vicon/slot_car/slot_car,0.48016542423483827,1.0132832250730088,0.030942232627138057,0.021102175538401022,0.022320550516038866,0.6444304701552643,0.7640457187548872
2024/03/24/23:08:29.623815,14416,1711336109,600324713,/vicon/world,vicon/slot_car/slot_car,0.4799102187078812,1.0087775170364732,0.030901826461895758,0.022374164145672493,0.02375100548987466,0.643578815181948,0.7646839838560779
2024/03/24/23:08:29.657362,14417,1711336109,608701313,/vicon/world,vicon/slot_car/slot_car,0.47961596504094883,1.0042559435216931,0.030772049104198614,0.023100775170304306,0.02295131000798113,0.6442395753932252,0.7641301990188618
2024/03/24/23:08:29.657589,14418,1711336109,617053813,/vicon/world,vicon/slot_car/slot_car,0.47944631422283207,0.9997973043108931,0.030699508756058137,0.022944175720520276,0.024505662013472318,0.6452888189788372,0.7632007451717306
2024/03/24/23:08:29.658136,14419,1711336109,625636314,/vicon/world,vicon/slot_car/slot_car,0.4792358755190709,0.9952173966706443,0.03076324577763369,0.022258237316969937,0.02398397901883235,0.6446709838857637,0.7637595578175942
2024/03/24/23:08:29.658151,14420,1711336109,633791214,/vicon/world,vicon/slot_car/slot_car,0.4788720816561071,0.9907380436459604,0.03070110821220544,0.02146732951664125,0.02470018026395703,0.6452253888042314,0.7632910666978753
2024/03/24/23:08:29.661422,14421,1711336109,642011970,/vicon/world,vicon/slot_car/slot_car,0.4784932901317139,0.9862526429872762,0.030647209493460958,0.02082685194416741,0.023098955639121788,0.6446046275042941,0.7638832074908624
2024/03/24/23:08:29.670281,14422,1711336109,650338508,/vicon/world,vicon/slot_car/slot_car,0.4782184407321364,0.981738468488337,0.030717518162549945,0.01967004059162537,0.021968278073284324,0.6440171729008187,0.7644425192716949
2024/03/24/23:08:29.682384,14423,1711336109,658355966,/vicon/world,vicon/slot_car/slot_car,0.47793021916945083,0.9771069968351612,0.030692603542639085,0.02053583363282184,0.02162296251619306,0.6437186138462742,0.764681027106636
2024/03/24/23:08:29.707347,14424,1711336109,666855565,/vicon/world,vicon/slot_car/slot_car,0.47766672086523093,0.9725133383508011,0.030638031955574768,0.020654026198653436,0.02116623158442409,0.6433701896278808,0.7649837912926551
2024/03/24/23:08:29.707494,14425,1711336109,675231865,/vicon/world,vicon/slot_car/slot_car,0.47739411296226625,0.9679656466729375,0.030623943153086627,0.02194777106243376,0.021794321248193346,0.64283255627457,0.7653820010296971
2024/03/24/23:08:29.707623,14426,1711336109,683431866,/vicon/world,vicon/slot_car/slot_car,0.4772079217578472,0.9633630239545028,0.030748236568465582,0.02103691249680027,0.022455668572206443,0.6434442356082758,0.7648743079252033
2024/03/24/23:08:29.740710,14427,1711336109,692079384,/vicon/world,vicon/slot_car/slot_car,0.47712713422114555,0.9588045175805383,0.030721316355839797,0.022626071036870875,0.024775053350455465,0.6436490512210553,0.7645849570212272
2024/03/24/23:08:29.740842,14428,1711336109,700273585,/vicon/world,vicon/slot_car/slot_car,0.4768415331876374,0.9543307491051193,0.030725938005563325,0.021938062788188658,0.027400034648636214,0.6434291908377708,0.7647004876945003
2024/03/24/23:08:29.741292,14429,1711336109,708823584,/vicon/world,vicon/slot_car/slot_car,0.47672157738108456,0.9497478801396348,0.030427663335439857,0.024366037312320205,0.029335122418849936,0.6445248207996459,0.7636317844298717
2024/03/24/23:08:29.741428,14430,1711336109,717090684,/vicon/world,vicon/slot_car/slot_car,0.47647089658738395,0.9452323845870048,0.030568662012614923,0.021415603672163958,0.0307485804838257,0.6440390138730584,0.7640743715941564
2024/03/24/23:08:29.745905,14431,1711336109,726132779,/vicon/world,vicon/slot_car/slot_car,0.47596051373877235,0.9406057304846064,0.03043153898075621,0.020051892832133045,0.027843081181091054,0.6447575523762726,0.7636166466742
2024/03/24/23:08:29.753205,14432,1711336109,733391502,/vicon/world,vicon/slot_car/slot_car,0.47566754095599484,0.936147679276172,0.030613694366837405,0.018033777231508005,0.028216345395904553,0.6440298087751362,0.7642671170083958
2024/03/24/23:08:29.761688,14433,1711336109,741942402,/vicon/world,vicon/slot_car/slot_car,0.47537263719628675,0.9315849892571925,0.03071369053968796,0.018398850911058466,0.024678904796243285,0.6451692844627092,0.7634193004693335
2024/03/24/23:08:29.782174,14434,1711336109,749384347,/vicon/world,vicon/slot_car/slot_car,0.47511294598122705,0.9269966600718645,0.030756294580990128,0.01922492865175354,0.02483505131180374,0.6452592935490238,0.7633178017269674
2024/03/24/23:08:29.782521,14435,1711336109,757831446,/vicon/world,vicon/slot_car/slot_car,0.47485712813561276,0.9224269306745261,0.030744365386336965,0.01937370747107349,0.02351235868269851,0.645919705339316,0.7627971963126061
2024/03/24/23:08:29.802397,14436,1711336109,778010145,/vicon/world,vicon/slot_car/slot_car,0.47461180106315737,0.9178641770732137,0.03067862367400689,0.021330672343784114,0.022620808209599393,0.645668376076095,0.7629846981352674
2024/03/24/23:08:29.815477,14437,1711336109,774459045,/vicon/world,vicon/slot_car/slot_car,0.4744152208928338,0.9132498177452015,0.030640349347328653,0.021313660139992162,0.023537122249171934,0.6460902529958811,0.7626002339046211
2024/03/24/23:08:29.815632,14438,1711336109,782702845,/vicon/world,vicon/slot_car/slot_car,0.47426139918125654,0.9086512894159542,0.030643403695791546,0.02226366817067062,0.026265025147009874,0.6461574514778209,0.7624270623694445
2024/03/24/23:08:29.816088,14439,1711336109,791143044,/vicon/world,vicon/slot_car/slot_car,0.4740408275544021,0.9040996539635492,0.030604301169202194,0.02119644618249771,0.027463744999666934,0.6468542197682293,0.761824173774934
2024/03/24/23:08:29.823681,14440,1711336109,799494124,/vicon/world,vicon/slot_car/slot_car,0.4737031118182402,0.899397401874146,0.030455401817725516,0.021259363911934507,0.025975777681008203,0.6462652236934963,0.7623742906632687
2024/03/24/23:08:29.831885,14441,1711336109,807838424,/vicon/world,vicon/slot_car/slot_car,0.47327906508344547,0.894755716050771,0.03045027129167356,0.01858093639197723,0.024536846330061094,0.6455367621483223,0.7631087607215846
2024/03/24/23:08:29.848906,14442,1711336109,816241070,/vicon/world,vicon/slot_car/slot_car,0.4728781008142012,0.8901311579446102,0.030350890734733914,0.01682191079626983,0.02154213871568226,0.6475117131945317,0.7615651914659698
2024/03/24/23:08:29.849079,14443,1711336109,824611070,/vicon/world,vicon/slot_car/slot_car,0.47272664793426183,0.8855661167529087,0.0303589207099676,0.017267178711880323,0.021260086243944203,0.6475093550325274,0.7615651570401528
2024/03/24/23:08:29.863518,14444,1711336109,842715623,/vicon/world,vicon/slot_car/slot_car,0.4724238302711928,0.8809030663914433,0.03034308010909701,0.017525297253880863,0.020293818193486177,0.6472310190955631,0.7618221792648279
2024/03/24/23:08:29.863534,14445,1711336109,843013623,/vicon/world,vicon/slot_car/slot_car,0.4722237933575934,0.8762767229056595,0.030344206723244976,0.01795713537827086,0.021334246792977903,0.646631939308755,0.762292284014853
2024/03/24/23:08:29.869929,14446,1711336109,849426943,/vicon/world,vicon/slot_car/slot_car,0.4719705503657859,0.8716274347779288,0.030347410390825565,0.018483444199939584,0.019713661300194998,0.6471049663227639,0.7619218440293358
2024/03/24/23:08:29.878018,14447,1711336109,857539844,/vicon/world,vicon/slot_car/slot_car,0.4717599864107243,0.8669812050252057,0.030355910461901708,0.018459468706884963,0.01964504382082608,0.6470115979320258,0.7620034858252185
2024/03/24/23:08:29.886303,14448,1711336109,865855730,/vicon/world,vicon/slot_car/slot_car,0.4715396981384786,0.8622759944385242,0.030318201624662686,0.019543734336295075,0.020863179408665923,0.6466086893115531,0.7622860179092553
2024/03/24/23:08:29.903866,14449,1711336109,883159030,/vicon/world,vicon/slot_car/slot_car,0.4712928123509011,0.8576069186199856,0.030187922338253213,0.01968015890831818,0.021992414170729623,0.6466974696577864,0.7621754442400404
2024/03/24/23:08:29.904190,14450,1711336109,883644830,/vicon/world,vicon/slot_car/slot_car,0.47109001084016244,0.8530100887671745,0.030165635753421488,0.018370840684674625,0.024703606348266738,0.6466703815033679,0.7621480576188703
2024/03/24/23:08:29.911481,14451,1711336109,891069545,/vicon/world,vicon/slot_car/slot_car,0.4709435576820739,0.8482624624006417,0.03023923065018579,0.018886191010203064,0.025509279541913274,0.6459783517333876,0.762695586415835
2024/03/24/23:08:29.919875,14452,1711336109,899546846,/vicon/world,vicon/slot_car/slot_car,0.4705277137525439,0.8436602041934129,0.03013866744831455,0.018125269077277472,0.024466932733557923,0.6462998456774469,0.7624758050592793
2024/03/24/23:08:29.932666,14453,1711336109,908654654,/vicon/world,vicon/slot_car/slot_car,0.4702331827938649,0.8390940683131483,0.03004468328001834,0.017551756792061085,0.025188519676949198,0.6458470528138253,0.7628493027339622
2024/03/24/23:08:29.957610,14454,1711336109,916784854,/vicon/world,vicon/slot_car/slot_car,0.4700797285217769,0.8345247101839255,0.030139525929691435,0.017294234499618373,0.025931385258614797,0.6462286628636446,0.7625070412823133
2024/03/24/23:08:29.957878,14455,1711336109,925142454,/vicon/world,vicon/slot_car/slot_car,0.4697015877234491,0.8298305073868097,0.030148138497272,0.01642352763549839,0.023049465595825772,0.6461666865791348,0.7626713597815871
2024/03/24/23:08:29.958046,14456,1711336109,933525454,/vicon/world,vicon/slot_car/slot_car,0.4695304359973327,0.8252147394769965,0.030134397744711005,0.017941237568520303,0.02344998386972968,0.646455600133563,0.7623800674906016
2024/03/24/23:08:29.975496,14457,1711336109,943485744,/vicon/world,vicon/slot_car/slot_car,0.4692743025455363,0.8206723031156944,0.03016802536852089,0.018801916195209763,0.023729269208916427,0.6459883761865751,0.7627466339237631
2024/03/24/23:08:29.975584,14458,1711336109,951726144,/vicon/world,vicon/slot_car/slot_car,0.46903360039952846,0.8159994877121395,0.030134022656481498,0.019460588776302898,0.02307425334004775,0.6461624299618146,0.7626027658113508
2024/03/24/23:08:29.982822,14459,1711336109,959248296,/vicon/world,vicon/slot_car/slot_car,0.4688585737376408,0.8114209243021842,0.030177958847614924,0.020452534366133972,0.025439617592425225,0.6456550584916962,0.7629312322475976
2024/03/24/23:08:29.990449,14460,1711336109,966781396,/vicon/world,vicon/slot_car/slot_car,0.46859435319387494,0.8068658532338362,0.030071165640850286,0.019878952992200865,0.02619992906324592,0.6464579430343775,0.7622404599814788
2024/03/24/23:08:30.001083,14461,1711336109,977219095,/vicon/world,vicon/slot_car/slot_car,0.46840435032166367,0.8023184466564373,0.029960976942068458,0.01919182867638145,0.028076285949153578,0.6472806980358875,0.7614926748364241
2024/03/24/23:08:30.024332,14462,1711336109,983726453,/vicon/world,vicon/slot_car/slot_car,0.4681141225221694,0.7976452841344979,0.029979398494914777,0.017973035320655927,0.02795317598930484,0.6466040889816468,0.7621015300245028
2024/03/24/23:08:30.024699,14463,1711336109,992266653,/vicon/world,vicon/slot_car/slot_car,0.46771289290483486,0.7930710334184666,0.029943065779868803,0.01603446368662111,0.026193876499820537,0.647285820141021,0.7616284158646921
2024/03/24/23:08:30.024722,14464,1711336110,400253,/vicon/world,vicon/slot_car/slot_car,0.46738622237840466,0.7884986507481404,0.029986291257588504,0.015607250582486668,0.02520929764895449,0.6468009733993945,0.7620822828611735
2024/03/24/23:08:30.028333,14465,1711336110,8722987,/vicon/world,vicon/slot_car/slot_car,0.467040190135823,0.7837987044477016,0.029898114759965556,0.016220522431429654,0.022737396464600046,0.6459699076742017,0.762851744334013
2024/03/24/23:08:30.037216,14466,1711336110,17528220,/vicon/world,vicon/slot_car/slot_car,0.46676324860712615,0.7791222977222422,0.029853036580000443,0.01773883293673828,0.022341254519400965,0.6451301900386975,0.7635399400510597
2024/03/24/23:08:30.060944,14467,1711336110,28853520,/vicon/world,vicon/slot_car/slot_car,0.46649297473884804,0.7744398960550248,0.02987538973953181,0.018211657121265618,0.020732466613964547,0.6461275233522884,0.762730439893175
2024/03/24/23:08:30.061093,14468,1711336110,37046520,/vicon/world,vicon/slot_car/slot_car,0.4663429124393604,0.769858682971023,0.029884310914876647,0.020308411071748456,0.021896637663246454,0.6459024882787807,0.7628355532708638
2024/03/24/23:08:30.065393,14469,1711336110,41975386,/vicon/world,vicon/slot_car/slot_car,0.46608316305711656,0.7651918207051607,0.02984160254844006,0.020229497374595264,0.021529869550119318,0.6461138854421211,0.7626690495831149
2024/03/24/23:08:30.073801,14470,1711336110,50486186,/vicon/world,vicon/slot_car/slot_car,0.4659551267761615,0.7605719062054187,0.029863191139421978,0.021772670901445707,0.02362366656684558,0.6463501879020068,0.762364288105625
2024/03/24/23:08:30.082500,14471,1711336110,59173783,/vicon/world,vicon/slot_car/slot_car,0.46569077943206544,0.7560179305524657,0.02981929782379216,0.020057718262075246,0.024967920898676374,0.646403267267407,0.7623234923115894
2024/03/24/23:08:30.093939,14472,1711336110,70570863,/vicon/world,vicon/slot_car/slot_car,0.4654359702523098,0.7512950183814329,0.02971313951136582,0.019240782169027332,0.02534362629226373,0.6456622894366969,0.7629598291569781
2024/03/24/23:08:30.125459,14473,1711336110,76682062,/vicon/world,vicon/slot_car/slot_car,0.4650429092583617,0.7466609462294953,0.029731386104734626,0.017443577184110534,0.02435081780190264,0.6462260067963735,0.762558002664331
2024/03/24/23:08:30.125542,14474,1711336110,84916763,/vicon/world,vicon/slot_car/slot_car,0.46459080706832795,0.742017172290454,0.029653983996094233,0.015061691801289868,0.022078236205109937,0.6459504785836035,0.7629113160412342
2024/03/24/23:08:30.125677,14475,1711336110,101208963,/vicon/world,vicon/slot_car/slot_car,0.4642220220807795,0.7327414252874915,0.029597793809547874,0.01871357743136944,0.025255314991882244,0.6440287048076418,0.7643552828810515
2024/03/24/23:08:30.128418,14476,1711336110,108760743,/vicon/world,vicon/slot_car/slot_car,0.4640678030109975,0.7281952679465165,0.02961321730552926,0.019710156363050093,0.02711942588008826,0.6438609004701152,0.7644077363043175
2024/03/24/23:08:30.137945,14477,1711336110,118304613,/vicon/world,vicon/slot_car/slot_car,0.46386902037904426,0.7236928948714506,0.02959713333309454,0.020244067783611003,0.027983500656444667,0.6440656878517658,0.7641900883566962
2024/03/24/23:08:30.147145,14478,1711336110,127683014,/vicon/world,vicon/slot_car/slot_car,0.46366321361395507,0.719092794577972,0.029608534569435865,0.02052747991388138,0.0285176008824892,0.6441446725188946,0.7640962045932556
2024/03/24/23:08:30.153180,14479,1711336110,133656822,/vicon/world,vicon/slot_car/slot_car,0.463345833568753,0.7144872198058818,0.029616041696850875,0.020614338012379343,0.02935246621619742,0.6432110421791933,0.7648483751790902
2024/03/24/23:08:30.190898,14480,1711336110,142299422,/vicon/world,vicon/slot_car/slot_car,0.4631408030987086,0.7098899659711962,0.029554047080433587,0.022436696456039067,0.030532859932503226,0.6436439745693893,0.764386533840701
2024/03/24/23:08:30.191462,14481,1711336110,150948822,/vicon/world,vicon/slot_car/slot_car,0.46297155256688455,0.7053917576948691,0.029521146043272415,0.021410400797290403,0.033051370232935265,0.6441584904695885,0.7638776347160361
2024/03/24/23:08:30.191521,14482,1711336110,159132622,/vicon/world,vicon/slot_car/slot_car,0.46277637152802964,0.7006542657864099,0.029505331633049574,0.021435852563106927,0.03213437095534411,0.6442161439137121,0.763867427207853
2024/03/24/23:08:30.191533,14483,1711336110,167317922,/vicon/world,vicon/slot_car/slot_car,0.4623850600126357,0.6961459902883279,0.029578432806392663,0.019290042304525735,0.032209167178544995,0.6449256668794291,0.7633225714058754
2024/03/24/23:08:30.195437,14484,1711336110,175949522,/vicon/world,vicon/slot_car/slot_car,0.4619424330173007,0.6915421550200096,0.029438886574774687,0.019028231142396424,0.028933876206576954,0.644577645892071,0.7637541591660827
2024/03/24/23:08:30.204131,14485,1711336110,184203731,/vicon/world,vicon/slot_car/slot_car,0.4617703149905639,0.6870549087411384,0.029582375768505177,0.017462354924569063,0.029933327423381218,0.645030537983098,0.7633705961976059
2024/03/24/23:08:30.211371,14486,1711336110,191642431,/vicon/world,vicon/slot_car/slot_car,0.46146714228748703,0.6823838814230634,0.029510171220862247,0.01786000834020046,0.027899956897807474,0.6445976073665787,0.7638039912729382
2024/03/24/23:08:30.222497,14487,1711336110,202338256,/vicon/world,vicon/slot_car/slot_car,0.4613923825200417,0.6778728498453556,0.029581190439879224,0.019420996347814704,0.031041576375847042,0.6449485346970344,0.7633483038751766
2024/03/24/23:08:30.232240,14488,1711336110,208314256,/vicon/world,vicon/slot_car/slot_car,0.46100676226008974,0.6733004840865122,0.02949145248782412,0.0199813799757131,0.028723092373294366,0.6445949239812394,0.7637231909510157
2024/03/24/23:08:30.240348,14489,1711336110,216365438,/vicon/world,vicon/slot_car/slot_car,0.4607715694517527,0.6687091912756102,0.029543362644176965,0.021186121112975992,0.028699514556504473,0.644151403576791,0.7640657402386639
2024/03/24/23:08:30.252115,14490,1711336110,228188239,/vicon/world,vicon/slot_car/slot_car,0.46045851514104014,0.6641085501659727,0.02952138105875491,0.02202102937775687,0.028399188297110238,0.6437985348450698,0.764350709360926
2024/03/24/23:08:30.265361,14491,1711336110,233180324,/vicon/world,vicon/slot_car/slot_car,0.46031306082064755,0.6595926409538208,0.029385966032899506,0.02300559201312585,0.029208610382948093,0.6446924447079486,0.7635373281982428
2024/03/24/23:08:30.265836,14492,1711336110,241816424,/vicon/world,vicon/slot_car/slot_car,0.46013896647730257,0.6551217365369332,0.0293364869647412,0.022292670751926858,0.03261510129357912,0.6449555608349179,0.7631982812785105
2024/03/24/23:08:30.283853,14493,1711336110,251626390,/vicon/world,vicon/slot_car/slot_car,0.4600187998348254,0.6504487711820477,0.029314923564344692,0.021758273640672898,0.031411681703270466,0.646272244869069,0.762149637074403
2024/03/24/23:08:30.283912,14494,1711336110,259777390,/vicon/world,vicon/slot_car/slot_car,0.4595459245908975,0.6459929236969513,0.029366913590701996,0.019282343507571794,0.03029964739672449,0.6454374994811315,0.7629682541626713
2024/03/24/23:08:30.290354,14495,1711336110,266824086,/vicon/world,vicon/slot_car/slot_car,0.4592248776867867,0.6415230890768802,0.02938678489488369,0.01762758314562929,0.028748528887715816,0.6453859492755037,0.7631118966947069
2024/03/24/23:08:30.313058,14496,1711336110,280983386,/vicon/world,vicon/slot_car/slot_car,0.45888491316442437,0.6369606702614535,0.029357589424751356,0.01716066292805543,0.027360567882937243,0.6452769615027008,0.7632657164623831
2024/03/24/23:08:30.313102,14497,1711336110,289170486,/vicon/world,vicon/slot_car/slot_car,0.4586556251696118,0.6324158514309732,0.02939437273522915,0.01666981826814882,0.02700741154618658,0.6446501417710071,0.7638186378945608
2024/03/24/23:08:30.323974,14498,1711336110,291654073,/vicon/world,vicon/slot_car/slot_car,0.4584585225694889,0.6278957116904986,0.029487834030919993,0.017411646955469078,0.026757346169382048,0.6451291113164545,0.763406385032449
2024/03/24/23:08:30.324191,14499,1711336110,300057973,/vicon/world,vicon/slot_car/slot_car,0.45830392548371474,0.6234674393948402,0.029532494064866736,0.01888834940450539,0.027687769353082283,0.6447840335409283,0.763629601165195
2024/03/24/23:08:30.328133,14500,1711336110,308169413,/vicon/world,vicon/slot_car/slot_car,0.45810018484707804,0.618964319945391,0.02942124016169146,0.020093427549186815,0.02794656564978526,0.644681401686578,0.763676066115167
2024/03/24/23:08:30.336605,14501,1711336110,316943973,/vicon/world,vicon/slot_car/slot_car,0.45791713661218403,0.6145762242112306,0.02951054784044638,0.021789710247226157,0.0314985780587012,0.6433388375212897,0.7646229059113894
2024/03/24/23:08:30.360641,14502,1711336110,328521873,/vicon/world,vicon/slot_car/slot_car,0.45771853872869706,0.6101838936331647,0.02943402430439647,0.02152187817978066,0.032851159735272605,0.6434501016530055,0.7644799387468576
2024/03/24/23:08:30.360677,14503,1711336110,336675873,/vicon/world,vicon/slot_car/slot_car,0.457548228675593,0.6058281319531739,0.029392911838789976,0.020883717108910026,0.03661160799574235,0.6436432884741563,0.7641641039213077
2024/03/24/23:08:30.364968,14504,1711336110,341988483,/vicon/world,vicon/slot_car/slot_car,0.45744708315615484,0.601310733322505,0.029324817685861287,0.020288834865370236,0.03538663198419058,0.6451109512060254,0.7629993513042318
2024/03/24/23:08:30.382255,14505,1711336110,350574831,/vicon/world,vicon/slot_car/slot_car,0.4570732953886757,0.596955988170954,0.029474386845680822,0.01869789663956434,0.035475707493351175,0.6454922823792225,0.7627132988403732
2024/03/24/23:08:30.382488,14506,1711336110,359043331,/vicon/world,vicon/slot_car/slot_car,0.45683332134904825,0.5925925835837286,0.02947361960942005,0.018905908367343998,0.034145196426679805,0.6455333546668556,0.7627341346775721
2024/03/24/23:08:30.398988,14507,1711336110,367296504,/vicon/world,vicon/slot_car/slot_car,0.45660397085380977,0.5882288758775281,0.029507097653553412,0.01834197735084907,0.033521286725691136,0.6454243879799164,0.7628677831733788
2024/03/24/23:08:30.399399,14508,1711336110,375926504,/vicon/world,vicon/slot_car/slot_car,0.4563233827240754,0.5838121173340212,0.029485297100753476,0.01910365016108574,0.03232469117103883,0.6456800141883514,0.7626843935527657
2024/03/24/23:08:30.407524,14509,1711336110,384415647,/vicon/world,vicon/slot_car/slot_car,0.4561816722049042,0.5794825034635305,0.02960086574147148,0.01967763159761215,0.03274344074867197,0.6458375774091863,0.7625185122401161
2024/03/24/23:08:30.423885,14510,1711336110,392178746,/vicon/world,vicon/slot_car/slot_car,0.45594124252306917,0.5751370516515164,0.02958311215336944,0.02054025014582222,0.031658563238662,0.645830173544493,0.7625478479656872
2024/03/24/23:08:30.424329,14511,1711336110,400661245,/vicon/world,vicon/slot_car/slot_car,0.4557752007124659,0.5707829756060085,0.029625758470741354,0.02055968974908809,0.03303299763765529,0.6455992848360665,0.7626845243242132
2024/03/24/23:08:30.428090,14512,1711336110,408774326,/vicon/world,vicon/slot_car/slot_car,0.45552404321160644,0.5663760541242142,0.02957939885383785,0.022375029695838895,0.03399394399468147,0.6450535854569187,0.7630528433253955
2024/03/24/23:08:30.436437,14513,1711336110,417228101,/vicon/world,vicon/slot_car/slot_car,0.4553344746496666,0.5620399704894924,0.029579196462207157,0.02197714026772752,0.0351459890460727,0.6456223239022911,0.7625310351970148
2024/03/24/23:08:30.444783,14514,1711336110,425543101,/vicon/world,vicon/slot_car/slot_car,0.4550378694648624,0.5576817424850298,0.02941976981288554,0.021147113233260514,0.03535979755988773,0.6451263180304712,0.7629642967419058
2024/03/24/23:08:30.457376,14515,1711336110,433688597,/vicon/world,vicon/slot_car/slot_car,0.45472677512022674,0.55318955907441,0.029436531767677545,0.02065246526930341,0.03364224902387729,0.643934276989502,0.7640617263526049
2024/03/24/23:08:30.465473,14516,1711336110,442045197,/vicon/world,vicon/slot_car/slot_car,0.45440660314435716,0.5487536327826968,0.02932679051629256,0.019858833773302498,0.031414578324688434,0.6462518983373989,0.7622186266978488
2024/03/24/23:08:30.473619,14517,1711336110,450285453,/vicon/world,vicon/slot_car/slot_car,0.4541337273878664,0.5443865111613962,0.029316739097752446,0.019364780730862806,0.029693332804559724,0.6459280631865959,0.7625747494129452
2024/03/24/23:08:30.499319,14518,1711336110,458886053,/vicon/world,vicon/slot_car/slot_car,0.4539099104645191,0.5400030734048743,0.02937162607148128,0.019732452911941593,0.029084100831763215,0.6453635639041819,0.7630665867182095
2024/03/24/23:08:30.499723,14519,1711336110,467434853,/vicon/world,vicon/slot_car/slot_car,0.4535875065815108,0.5355510886965785,0.02935190307484949,0.01933827510591444,0.02749727844296263,0.644533709979727,0.7638365188271161
2024/03/24/23:08:30.499800,14520,1711336110,475775753,/vicon/world,vicon/slot_car/slot_car,0.45337818140868213,0.5311094726973944,0.029370844328182943,0.02024496684191318,0.027601107555712132,0.6441013109387204,0.7641739470999319
2024/03/24/23:08:30.524060,14521,1711336110,483811082,/vicon/world,vicon/slot_car/slot_car,0.45307663004639015,0.5266964962322483,0.029383565847831382,0.020696590474387103,0.026928339401686156,0.6437535805365922,0.764478804955455
2024/03/24/23:08:30.524155,14522,1711336110,492041682,/vicon/world,vicon/slot_car/slot_car,0.45287485469776934,0.5221789037277018,0.029393732891425908,0.020988207613986815,0.026423172372310386,0.6436957096872613,0.764537209318911
2024/03/24/23:08:30.524822,14523,1711336110,500816982,/vicon/world,vicon/slot_car/slot_car,0.452602616258776,0.5176687759547414,0.02933666842592718,0.0214450302878306,0.02658877699023244,0.6432215767235256,0.7649177412319702
2024/03/24/23:08:30.530240,14524,1711336110,510510670,/vicon/world,vicon/slot_car/slot_car,0.4524086234451334,0.5131999508088455,0.029269313850363257,0.022700968220501917,0.02783651852386154,0.6436955193503952,0.7644382726201949
2024/03/24/23:08:30.538527,14525,1711336110,518806058,/vicon/world,vicon/slot_car/slot_car,0.4522556841326899,0.508793531425095,0.02920871077820779,0.023231424585054627,0.029964587631993087,0.6438114013247082,0.7642442698012915
2024/03/24/23:08:30.548772,14526,1711336110,525094833,/vicon/world,vicon/slot_car/slot_car,0.45200096069512563,0.5042767156796026,0.02916205619986196,0.02337764659328379,0.028590223267604284,0.6429876903173205,0.7649855651407192
2024/03/24/23:08:30.558893,14527,1711336110,535236533,/vicon/world,vicon/slot_car/slot_car,0.4516465162969133,0.4999198605273347,0.02907571519692015,0.02213237573392735,0.02837205262513298,0.6435589390765969,0.764550244594045
2024/03/24/23:08:30.582584,14528,1711336110,541927956,/vicon/world,vicon/slot_car/slot_car,0.4512681651909264,0.4956687052419023,0.0291171439028955,0.01902442360996341,0.02838061162806566,0.6428370191203708,0.7652406020581772
2024/03/24/23:08:30.583355,14529,1711336110,550726056,/vicon/world,vicon/slot_car/slot_car,0.45104478809889614,0.4913634372796104,0.029176960704870032,0.018632648722496193,0.029501219978605213,0.643056221694196,0.7650236585634088
2024/03/24/23:08:30.583483,14530,1711336110,558983156,/vicon/world,vicon/slot_car/slot_car,0.45066474622894614,0.4869684309538313,0.029164260526911255,0.017211882012903,0.027660898649174745,0.6423555763950944,0.7657140061913585
2024/03/24/23:08:30.590852,14531,1711336110,567161224,/vicon/world,vicon/slot_car/slot_car,0.4504864099371144,0.4826172957398034,0.029179245341828468,0.01814402737638884,0.02910563439468031,0.6426208218232339,0.765416315266587
2024/03/24/23:08:30.598349,14532,1711336110,574960624,/vicon/world,vicon/slot_car/slot_car,0.4501705501437363,0.4783134331015751,0.029217042937294324,0.01805762115721775,0.028262846028010345,0.6424616988262469,0.7655835025611721
2024/03/24/23:08:30.632592,14533,1711336110,583650319,/vicon/world,vicon/slot_car/slot_car,0.449965965506111,0.47390612392971293,0.029203672337736207,0.01857752512969143,0.027369167811634496,0.6423750442254416,0.7656762414818133
2024/03/24/23:08:30.632793,14534,1711336110,591891219,/vicon/world,vicon/slot_car/slot_car,0.44968662704777995,0.4695044195068555,0.029138449885515297,0.019370066341595972,0.02715884623397609,0.642458035614313,0.7655944553585531
2024/03/24/23:08:30.633346,14535,1711336110,600614819,/vicon/world,vicon/slot_car/slot_car,0.44946874425706235,0.46514737758303826,0.029110970198362927,0.019294806733381933,0.02846431446907606,0.643038278170774,0.7650616093113635
2024/03/24/23:08:30.633362,14536,1711336110,608823219,/vicon/world,vicon/slot_car/slot_car,0.44924577242869596,0.4608641959490745,0.02900253021714336,0.018656196200960425,0.030374117914457786,0.6434241969631472,0.7646794505324169
2024/03/24/23:08:30.637575,14537,1711336110,617871913,/vicon/world,vicon/slot_car/slot_car,0.44908989594146553,0.4564458254159921,0.028970746043778625,0.018083126589574363,0.03227918828110291,0.6427570413916462,0.7651760844917437
2024/03/24/23:08:30.644795,14538,1711336110,625143758,/vicon/world,vicon/slot_car/slot_car,0.44881526900158497,0.4520867111379004,0.028974945787554295,0.01681734994208289,0.03328354806178248,0.6433833213237556,0.7646353928584247
2024/03/24/23:08:30.674089,14539,1711336110,633755458,/vicon/world,vicon/slot_car/slot_car,0.4483522007545246,0.44775169271445076,0.028881186417050564,0.013640321534685909,0.030956605638888416,0.6435089998549773,0.7646906546449979
2024/03/24/23:08:30.674127,14540,1711336110,641909359,/vicon/world,vicon/slot_car/slot_car,0.4480620540687411,0.4434135674647659,0.028973841383692914,0.014244107936725195,0.030060816078924895,0.6428594480793131,0.7652615126483998
2024/03/24/23:08:30.674625,14541,1711336110,650400358,/vicon/world,vicon/slot_car/slot_car,0.44766984291119044,0.438946011480732,0.02899149478781457,0.014011643678254039,0.026106884051534968,0.6426821128633882,0.7655597992658735
2024/03/24/23:08:30.682324,14542,1711336110,658466509,/vicon/world,vicon/slot_car/slot_car,0.4475135907746803,0.4345655477628798,0.028921852153134132,0.014669387075133175,0.02701026492348665,0.6429358353503527,0.7653030551970553
2024/03/24/23:08:30.691379,14543,1711336110,667600109,/vicon/world,vicon/slot_car/slot_car,0.4472685306578598,0.43020583514066374,0.029034253830534207,0.015449247307361162,0.02660514332258512,0.643246093707356,0.7650411427084481
2024/03/24/23:08:30.724160,14544,1711336110,675367990,/vicon/world,vicon/slot_car/slot_car,0.4470754937475656,0.4258245222521897,0.029067545269964964,0.016583054951445426,0.02625494330661091,0.6431224497794211,0.7651334490336702
2024/03/24/23:08:30.724198,14545,1711336110,683508889,/vicon/world,vicon/slot_car/slot_car,0.4468365420592974,0.4214088028392918,0.029052786468964423,0.017480780407819915,0.02705920606391975,0.6426214910888398,0.7655062644252365
2024/03/24/23:08:30.724886,14546,1711336110,692272389,/vicon/world,vicon/slot_car/slot_car,0.44665910899493566,0.41700882684500645,0.02908395984496063,0.018236800568384698,0.02871187540343851,0.6426755215233273,0.7653830553066652
2024/03/24/23:08:30.724920,14547,1711336110,700425389,/vicon/world,vicon/slot_car/slot_car,0.44617980922053124,0.41274622428301777,0.02922729906409267,0.014100536924801224,0.03141761552421783,0.6403909855601279,0.7672766736363962
2024/03/24/23:08:30.729073,14548,1711336110,709319193,/vicon/world,vicon/slot_car/slot_car,0.44599170661473925,0.4082417582878697,0.02918151850732767,0.014073850925823918,0.03294770610204963,0.6395749481920004,0.7678933917074235
2024/03/24/23:08:30.736590,14549,1711336110,716914702,/vicon/world,vicon/slot_car/slot_car,0.4455837208321308,0.40377406318290493,0.02925143957233592,0.01243492065917091,0.031964892486484354,0.6400197157578976,0.7675925884463108
2024/03/24/23:08:30.749086,14550,1711336110,725329802,/vicon/world,vicon/slot_car/slot_car,0.4451892295844366,0.39936324063582196,0.029256738340388104,0.010267999063425957,0.03082737033652775,0.6396733836391147,0.7679597669780976
2024/03/24/23:08:30.761812,14551,1711336110,738365379,/vicon/world,vicon/slot_car/slot_car,0.4449424528864137,0.3950483940774745,0.029359506400524996,0.011879789334536229,0.031719067957948724,0.639128209740328,0.7683540218202605
2024/03/24/23:08:30.769936,14552,1711336110,746471979,/vicon/world,vicon/slot_car/slot_car,0.444683485560153,0.390664228731585,0.02943408127404218,0.011866363506315012,0.03099406484326073,0.639253828195116,0.7682793115134084
2024/03/24/23:08:30.782144,14553,1711336110,750219349,/vicon/world,vicon/slot_car/slot_car,0.44456917178856636,0.38636987512000553,0.02948434626019942,0.012512890594487177,0.034251377128711374,0.639060147940483,0.7682918703513952
2024/03/24/23:08:30.782528,14554,1711336110,758799249,/vicon/world,vicon/slot_car/slot_car,0.4442675658889162,0.38203856628478433,0.029485372381373703,0.012559187368131663,0.03281939870362298,0.6388014678020056,0.7685686947927218
2024/03/24/23:08:30.799244,14555,1711336110,767093616,/vicon/world,vicon/slot_car/slot_car,0.4440320443023398,0.3777799345629737,0.02961314610114281,0.01254467140277713,0.03455645533493639,0.6390586480554153,0.7682789382507278
2024/03/24/23:08:30.799481,14556,1711336110,775395616,/vicon/world,vicon/slot_car/slot_car,0.443683033423673,0.37338862868753264,0.029553834837201948,0.012407558533050263,0.03338657235526739,0.6387469104198201,0.7685920723678782
2024/03/24/23:08:30.807345,14557,1711336110,783905959,/vicon/world,vicon/slot_car/slot_car,0.443544007864468,0.3690133981668904,0.02959353103962917,0.014505303867237612,0.03568466734599554,0.6387620644967175,0.7684394742827936
2024/03/24/23:08:30.825182,14558,1711336110,801665995,/vicon/world,vicon/slot_car/slot_car,0.4432842641960064,0.36471631116634545,0.029553858797060063,0.014163574492863346,0.03562455768720032,0.6397918102536797,0.7675915082773492
2024/03/24/23:08:30.825204,14559,1711336110,801603695,/vicon/world,vicon/slot_car/slot_car,0.44305093018924996,0.3603297990962521,0.02941471892794772,0.014170173036841326,0.036137886300726715,0.6400584191997571,0.7673450849398397
2024/03/24/23:08:30.831769,14560,1711336110,808619523,/vicon/world,vicon/slot_car/slot_car,0.442679048811363,0.3559063246040928,0.029457461183351012,0.012533715519056467,0.034747886911051976,0.6395671464856263,0.7678472214358385
2024/03/24/23:08:30.840292,14561,1711336110,817233223,/vicon/world,vicon/slot_car/slot_car,0.4422418041780989,0.35153557576325367,0.02940014738002806,0.012065703697005145,0.031530005875879945,0.6404901269593885,0.7672240056145985
2024/03/24/23:08:30.848497,14562,1711336110,825355170,/vicon/world,vicon/slot_car/slot_car,0.44181929745076876,0.3472837537679274,0.029460244252873278,0.010323518958039972,0.02974675175869067,0.6396302015942485,0.7680376038480349
2024/03/24/23:08:30.863939,14563,1711336110,840704970,/vicon/world,vicon/slot_car/slot_car,0.4415379582290957,0.34295423439697253,0.029574576710852143,0.009363928704908712,0.029035279875054457,0.6397534036159388,0.767974512548176
2024/03/24/23:08:30.865259,14564,1711336110,842270570,/vicon/world,vicon/slot_car/slot_car,0.44124650330641274,0.33858054130758547,0.029506649695456025,0.009388341747209667,0.028812399043960987,0.639739041172388,0.7679945728326489
2024/03/24/23:08:30.873434,14565,1711336110,850323913,/vicon/world,vicon/slot_car/slot_car,0.44089853814654084,0.33420463441682635,0.02961971165744972,0.009582168754849718,0.02694163556409711,0.6393506722800473,0.7683833992025964
2024/03/24/23:08:30.882044,14566,1711336110,858744113,/vicon/world,vicon/slot_car/slot_car,0.4406335961433371,0.32986520409140146,0.029523610679893342,0.011425935785048831,0.026892456777090186,0.6389423677021286,0.7686994825776365
2024/03/24/23:08:30.899189,14567,1711336110,867212130,/vicon/world,vicon/slot_car/slot_car,0.4402053880739563,0.32540303194565073,0.02951319421814782,0.012176701563791624,0.023866001030032474,0.6381222512594393,0.7694687351552666
2024/03/24/23:08:30.899395,14568,1711336110,875670130,/vicon/world,vicon/slot_car/slot_car,0.44007195557647033,0.32109600624028617,0.02951188454624841,0.013719891514645493,0.025687696359892574,0.6379506929250798,0.769526360970798
2024/03/24/23:08:30.907409,14569,1711336110,884232339,/vicon/world,vicon/slot_car/slot_car,0.43995028748138254,0.316770372834181,0.029474585032879492,0.014551725024209329,0.026791745167023852,0.6400333312104811,0.7677420039501158
2024/03/24/23:08:30.933621,14570,1711336110,909457734,/vicon/world,vicon/slot_car/slot_car,0.4382680482722847,0.3044402867822942,0.029324184629974482,0.012734914126405478,0.02645424997288508,0.6312223993670218,0.7750459838989588
2024/03/24/23:08:30.936406,14571,1711336110,917001934,/vicon/world,vicon/slot_car/slot_car,0.437573614408616,0.3007407999690234,0.02933767334574678,0.009070958013065305,0.025775980414605625,0.6276032976007554,0.7780536083041121
2024/03/24/23:08:30.945831,14572,1711336110,926337789,/vicon/world,vicon/slot_car/slot_car,0.43698465813063864,0.29707306787335763,0.02937917255108446,0.009694186263524869,0.024380172937906654,0.6230178259083614,0.7817674964595449
2024/03/24/23:08:30.957105,14573,1711336110,933846490,/vicon/world,vicon/slot_car/slot_car,0.43638613024789225,0.2935138731736942,0.02945775035950944,0.010447458610383093,0.024793040316294316,0.619761665601539,0.7843287790278163
2024/03/24/23:08:30.966687,14574,1711336110,943314162,/vicon/world,vicon/slot_car/slot_car,0.4356508974559969,0.29016285199804837,0.02953288969528696,0.007848091090536245,0.024304866702735104,0.6153265376089919,0.7878584473336101
2024/03/24/23:08:30.982529,14575,1711336110,950345477,/vicon/world,vicon/slot_car/slot_car,0.43503007338184646,0.2868520462656362,0.029479091173396327,0.009645700053635705,0.02307462113196166,0.611252323203811,0.791040529750553
2024/03/24/23:08:30.982756,14576,1711336110,958682177,/vicon/world,vicon/slot_car/slot_car,0.4343462588815398,0.2838115795694553,0.029569951457928203,0.00982736945311313,0.023652868010767752,0.6075575193392723,0.7938625985262229
2024/03/24/23:08:31.015771,14577,1711336110,967275912,/vicon/world,vicon/slot_car/slot_car,0.43377181525804454,0.28071091549696914,0.029559368529702545,0.0131869959481041,0.024243842365790653,0.6035591929966263,0.7968404104928845
2024/03/24/23:08:31.015834,14578,1711336110,975422812,/vicon/world,vicon/slot_car/slot_car,0.4330999601851398,0.27772938366891914,0.029471093939551142,0.013354677589260863,0.024509042582208467,0.5991271358825507,0.8001672540584013
2024/03/24/23:08:31.016391,14579,1711336110,984027412,/vicon/world,vicon/slot_car/slot_car,0.4325628204829034,0.2748859800099571,0.029548768029506695,0.015265964509398426,0.027914251908930626,0.5950908254533611,0.8030284268500086
2024/03/24/23:08:31.016454,14580,1711336110,992203312,/vicon/world,vicon/slot_car/slot_car,0.43182878852811296,0.27212122182486725,0.02946622733267797,0.01625193347408751,0.027883293175669135,0.5912848378275712,0.8058167516099776
2024/03/24/23:08:31.026594,14581,1711336111,7141912,/vicon/world,vicon/slot_car/slot_car,0.43116564982282474,0.2695375247966634,0.029430675382275766,0.01704963178219463,0.029224344497705914,0.5873954739523265,0.8085924838415781
2024/03/24/23:08:31.030872,14582,1711336111,10720050,/vicon/world,vicon/slot_car/slot_car,0.43042810317222513,0.2671320329677767,0.029434027273627254,0.01576380073873268,0.030325703862654523,0.5833838615485932,0.8114771249740537
2024/03/24/23:08:31.040666,14583,1711336111,16403874,/vicon/world,vicon/slot_car/slot_car,0.4297704587895894,0.26469449774300635,0.029366113643284925,0.016712506356237063,0.03135547531060517,0.5792469582784563,0.8143773619302633
2024/03/24/23:08:31.048713,14584,1711336111,24430904,/vicon/world,vicon/slot_car/slot_car,0.4289969856567519,0.2623931152668258,0.029391800289370835,0.016249593889733155,0.030396866095534148,0.5749950399318707,0.8174305385069335
2024/03/24/23:08:31.057016,14585,1711336111,32973752,/vicon/world,vicon/slot_car/slot_car,0.4282580316020517,0.2602519829490512,0.029423680257574178,0.015436141804747934,0.03048516080525202,0.571328841893426,0.8200095944058083
2024/03/24/23:08:31.068744,14586,1711336111,44363052,/vicon/world,vicon/slot_car/slot_car,0.4275084212964039,0.25814299577494715,0.029406170990659026,0.015455203553239394,0.030699321231154996,0.5679902178558666,0.8223173358133219
2024/03/24/23:08:31.082422,14587,1711336111,49728320,/vicon/world,vicon/slot_car/slot_car,0.42677089833069565,0.25618325087916,0.02940068219321276,0.014100252970969916,0.030626987888864896,0.5642123450026126,0.824940967721729
2024/03/24/23:08:31.082490,14588,1711336111,57906020,/vicon/world,vicon/slot_car/slot_car,0.42603972434040766,0.2542393732699116,0.029429833869501543,0.014051039875391346,0.030156387798202216,0.5609817615868635,0.8271593702064216
2024/03/24/23:08:31.090515,14589,1711336111,66176407,/vicon/world,vicon/slot_car/slot_car,0.4254135902367144,0.25227083313734294,0.029420575259136647,0.015685859229004874,0.030015146851711846,0.5569787523659496,0.8298359561941071
2024/03/24/23:08:31.116178,14590,1711336111,74802207,/vicon/world,vicon/slot_car/slot_car,0.4246651118026505,0.25039967085725257,0.029471327999909442,0.015029710255708624,0.029345738206862235,0.5530020091881235,0.8325273048330741
2024/03/24/23:08:31.116203,14591,1711336111,83033808,/vicon/world,vicon/slot_car/slot_car,0.4239283685788736,0.2485265350152519,0.029539500340511955,0.015159913466697691,0.02856670904528274,0.5491354330601292,0.8351074160345294
2024/03/24/23:08:31.116535,14592,1711336111,91476408,/vicon/world,vicon/slot_car/slot_car,0.42321799662144266,0.24678652272491297,0.029542412911288417,0.015323134017901818,0.02869896280234171,0.5456518338711911,0.837380228624336
2024/03/24/23:08:31.124729,14593,1711336111,100445471,/vicon/world,vicon/slot_car/slot_car,0.4225018268907385,0.24514542891721636,0.029545171406902274,0.015384421715542365,0.0289524262334654,0.5423354256177119,0.8395221037612586
2024/03/24/23:08:31.143197,14594,1711336111,118707871,/vicon/world,vicon/slot_car/slot_car,0.42186403935611316,0.24352853200766672,0.029565348847807232,0.01584794749823736,0.02989634539211131,0.5390899564902372,0.8415682205879942
2024/03/24/23:08:31.143254,14595,1711336111,119137471,/vicon/world,vicon/slot_car/slot_car,0.4211428068227992,0.24199271585011461,0.029594071989637365,0.015139570159492764,0.02879042489009248,0.5358016497418634,0.8437170716442398
2024/03/24/23:08:31.174067,14596,1711336111,124686436,/vicon/world,vicon/slot_car/slot_car,0.4204815958397289,0.24051007021440154,0.02965038066689593,0.015264491598276876,0.02901130067950592,0.5331401419961413,0.8453915830675531
2024/03/24/23:08:31.174279,14597,1711336111,133033636,/vicon/world,vicon/slot_car/slot_car,0.41985539483667095,0.23904639267354913,0.0296806509149046,0.01587903529479781,0.03003643929845836,0.529811908520652,0.8474343692240013
2024/03/24/23:08:31.174735,14598,1711336111,141488836,/vicon/world,vicon/slot_car/slot_car,0.41853882097126316,0.23795067404952377,0.03044038370084133,0.018078973041792123,0.021561512661322148,0.5333196092616176,0.8454457086546393
2024/03/24/23:08:31.174779,14599,1711336111,149617637,/vicon/world,vicon/slot_car/slot_car,0.4178373250032241,0.2364784044242998,0.030466991180776413,0.019066225222928897,0.021219150002850354,0.5304766240327167,0.8472194391559703
2024/03/24/23:08:31.178966,14600,1711336111,158863106,/vicon/world,vicon/slot_car/slot_car,0.41712143432692633,0.23506511186793214,0.030477188613171946,0.01852832483390006,0.02112277887379503,0.5272357540683639,0.8492543723899583
2024/03/24/23:08:31.186550,14601,1711336111,166716721,/vicon/world,vicon/slot_car/slot_car,0.41641590627391145,0.23372090813610608,0.030467054313814464,0.018285111280740892,0.021203187622044137,0.5245658397979529,0.850909371941092
2024/03/24/23:08:31.195152,14602,1711336111,175363621,/vicon/world,vicon/slot_car/slot_car,0.4156847400007997,0.23233451402108588,0.030484359896631206,0.01871455765849798,0.019450973009595467,0.5216977384398183,0.8527032864293451
2024/03/24/23:08:31.205985,14603,1711336111,186534183,/vicon/world,vicon/slot_car/slot_car,0.41505447561623127,0.2311065771763118,0.030529620581952216,0.018724444837777507,0.0197618553997763,0.5188587406855031,0.8544263990835776
2024/03/24/23:08:31.211858,14604,1711336111,192160683,/vicon/world,vicon/slot_car/slot_car,0.41440724091347597,0.22980259294226932,0.030540580401848323,0.019401133164027418,0.02078437372485309,0.516565752381721,0.8557753381040633
2024/03/24/23:08:31.234849,14605,1711336111,211568831,/vicon/world,vicon/slot_car/slot_car,0.41380004461991915,0.22862148001221197,0.030503115993209425,0.019843067032479143,0.021077898518493256,0.514131976896264,0.8572224245885826
2024/03/24/23:08:31.234876,14606,1711336111,211863131,/vicon/world,vicon/slot_car/slot_car,0.4131637561719294,0.22740386711871285,0.030527967959142543,0.02020976256065656,0.02192749340281486,0.5116701534191487,0.8586643142872169
2024/03/24/23:08:31.249475,14607,1711336111,217754321,/vicon/world,vicon/slot_car/slot_car,0.41263531628120026,0.2263558945941253,0.03057121059157092,0.0202446807229132,0.023527710074907077,0.5092307668963226,0.8600701284239801
2024/03/24/23:08:31.249620,14608,1711336111,225992421,/vicon/world,vicon/slot_car/slot_car,0.4119179879217894,0.22520308067493783,0.030526784221459588,0.020067897480317835,0.022026194750791064,0.5070941921104457,0.8613754155786976
2024/03/24/23:08:31.265338,14609,1711336111,233794885,/vicon/world,vicon/slot_car/slot_car,0.4113304641320275,0.22412360982325732,0.0304690681844559,0.02004046267120461,0.022924507557568367,0.5042877839705823,0.8629986545454207
2024/03/24/23:08:31.265622,14610,1711336111,242254486,/vicon/world,vicon/slot_car/slot_car,0.410686334880721,0.2229218149812058,0.030467404094104148,0.020839082421892988,0.02450238479310939,0.502048339836371,0.8642411875459348
2024/03/24/23:08:31.274408,14611,1711336111,250990385,/vicon/world,vicon/slot_car/slot_car,0.41014369228736375,0.2218300620407074,0.03049475560229426,0.021600220538855224,0.02554399941367074,0.49922742116659485,0.865824991855732
2024/03/24/23:08:31.282603,14612,1711336111,259241799,/vicon/world,vicon/slot_car/slot_car,0.4094212118214541,0.22069217409937195,0.030487311860333276,0.021329184008094755,0.02400952735989029,0.49642174987780324,0.867487207256547
2024/03/24/23:08:31.349753,14613,1711336111,267430499,/vicon/world,vicon/slot_car/slot_car,0.4088066670246246,0.2197790840582092,0.030496379988736735,0.020694525196880087,0.02350464913079538,0.4942236852170307,0.8687705203715256
2024/03/24/23:08:31.349787,14614,1711336111,275566799,/vicon/world,vicon/slot_car/slot_car,0.4080965222499339,0.21880653661437627,0.030492639415175795,0.019714260476177158,0.021433616249701685,0.4918142248329994,0.870213029252179
2024/03/24/23:08:31.350851,14615,1711336111,284495799,/vicon/world,vicon/slot_car/slot_car,0.40749082966046596,0.21787452745930874,0.030493731162445782,0.01952287556327564,0.021121961225996994,0.4897292840235695,0.8713999933747247
2024/03/24/23:08:31.351253,14616,1711336111,292941199,/vicon/world,vicon/slot_car/slot_car,0.4068443476324711,0.21684745027681912,0.030487783421284356,0.02002609439502721,0.021915704048078338,0.488092095154328,0.8722870881236389
2024/03/24/23:08:31.351437,14617,1711336111,309376599,/vicon/world,vicon/slot_car/slot_car,0.4056257193055884,0.2148493207493184,0.030501673994589952,0.020729009015752444,0.02342341389025098,0.483295490821367,0.8748983486203896
2024/03/24/23:08:31.351861,14618,1711336111,317743499,/vicon/world,vicon/slot_car/slot_car,0.40487735757280774,0.213869935057867,0.03048418739574821,0.0195412524796541,0.02245966251804816,0.4805927911219266,0.8764384017903015
2024/03/24/23:08:31.351923,14619,1711336111,325866399,/vicon/world,vicon/slot_car/slot_car,0.4041477700282318,0.21296878567930858,0.03048943357609354,0.01830796645815478,0.02043897849670228,0.4780048172479093,0.877928505750879
2024/03/24/23:08:31.352964,14620,1711336111,333521599,/vicon/world,vicon/slot_car/slot_car,0.40350817193493616,0.21200196815916408,0.030555368444961484,0.01898633494880142,0.02052417741039538,0.47577277290749276,0.879123737472009
2024/03/24/23:08:31.361569,14621,1711336111,341336036,/vicon/world,vicon/slot_car/slot_car,0.4030707880691099,0.21113241030556504,0.030627567349508056,0.020050820608901378,0.023196894614096557,0.47281966118956475,0.8806255939193213
2024/03/24/23:08:31.384980,14622,1711336111,352231936,/vicon/world,vicon/slot_car/slot_car,0.40237332728566855,0.2102012329712268,0.030603048929197102,0.019850751835929353,0.022075638480813706,0.4706998431566478,0.8817937805913126
2024/03/24/23:08:31.386328,14623,1711336111,361760235,/vicon/world,vicon/slot_car/slot_car,0.4017419431924676,0.2093423868231901,0.030610705325402884,0.01958217167506639,0.021602983576359126,0.46847485627052465,0.8829955598390057
2024/03/24/23:08:31.398906,14624,1711336111,366409606,/vicon/world,vicon/slot_car/slot_car,0.4009755853582031,0.20839085734041055,0.03061215257407954,0.019107759257925936,0.019530488568946302,0.46586074763041,0.8844361013491222
2024/03/24/23:08:31.399360,14625,1711336111,374978306,/vicon/world,vicon/slot_car/slot_car,0.4002266336927486,0.20742575393580323,0.030598100609241966,0.018909472566835003,0.01849588513640774,0.4634166058882681,0.8857456652263462
2024/03/24/23:08:31.423965,14626,1711336111,383224853,/vicon/world,vicon/slot_car/slot_car,0.39957237563248443,0.2065620451439864,0.030687652373617275,0.018054816928458593,0.018268405790060623,0.4606574748744467,0.8872062780311397
2024/03/24/23:08:31.424053,14627,1711336111,391435053,/vicon/world,vicon/slot_car/slot_car,0.3988516850544141,0.20562779003440199,0.03073271883980881,0.017633640350086546,0.01824150306111163,0.4581741285073864,0.8885002927746125
2024/03/24/23:08:31.424488,14628,1711336111,399989053,/vicon/world,vicon/slot_car/slot_car,0.3982852121319552,0.20479104187872227,0.030721443004943883,0.017902846197058463,0.018947105006623652,0.45559413250563185,0.8898058674432042
2024/03/24/23:08:31.431192,14629,1711336111,410933203,/vicon/world,vicon/slot_car/slot_car,0.39751597920036724,0.20386262593235627,0.030727385747778058,0.017144813796603237,0.01807227640692988,0.4531801035137936,0.8910708400371873
2024/03/24/23:08:31.439460,14630,1711336111,419051562,/vicon/world,vicon/slot_car/slot_car,0.39687205471085646,0.20295292133673237,0.030761501299043762,0.01770106689322832,0.018689145183929407,0.45086497961433325,0.8922209133619893
2024/03/24/23:08:31.465786,14631,1711336111,424692662,/vicon/world,vicon/slot_car/slot_car,0.3961401046484188,0.2020299294053894,0.0307905830901382,0.01748589524922637,0.0185670409726037,0.44836478215400416,0.8934867265834714
2024/03/24/23:08:31.469339,14632,1711336111,436209163,/vicon/world,vicon/slot_car/slot_car,0.39532248880030096,0.20105178122230918,0.03081374877930514,0.017236774647092293,0.017715963933353212,0.4456818626663689,0.8948501078459528
2024/03/24/23:08:31.469442,14633,1711336111,444537962,/vicon/world,vicon/slot_car/slot_car,0.3946050575516085,0.20011709249998388,0.03085271617325582,0.017544245890986864,0.018095741017392666,0.44292261962670776,0.8962054990994882
2024/03/24/23:08:31.482820,14634,1711336111,449772878,/vicon/world,vicon/slot_car/slot_car,0.393752704740414,0.19908368674144308,0.030864991864117574,0.01686385238351955,0.017503398506455322,0.44031631066715377,0.897513670137663
2024/03/24/23:08:31.482843,14635,1711336111,457946478,/vicon/world,vicon/slot_car/slot_car,0.3929217140244976,0.19807699388661226,0.030904307366835262,0.016801005472600238,0.01743227796154967,0.43746894637793665,0.8989075385461838
2024/03/24/23:08:31.490660,14636,1711336111,466379428,/vicon/world,vicon/slot_car/slot_car,0.39198829932289475,0.19698577039838538,0.030890407569070237,0.01661342700049519,0.016593787208128617,0.4346114684611959,0.9003118969287218
2024/03/24/23:08:31.498990,14637,1711336111,474743028,/vicon/world,vicon/slot_car/slot_car,0.3911320844856102,0.19594570297579636,0.03090119478561604,0.016857489238482407,0.017518946737677135,0.4312926230472926,0.9018844631474493
2024/03/24/23:08:31.506921,14638,1711336111,482682470,/vicon/world,vicon/slot_car/slot_car,0.3902126943734817,0.19478861285253563,0.03092077993271503,0.016597583103061638,0.016822904740554326,0.4297904818219383,0.9026193283142641
2024/03/24/23:08:31.524161,14639,1711336111,491306170,/vicon/world,vicon/slot_car/slot_car,0.3892966177315729,0.19362372824743265,0.030942610073640877,0.016794193552487204,0.017541337493753945,0.4268805192939334,0.9039819018040094
2024/03/24/23:08:31.524222,14640,1711336111,499476370,/vicon/world,vicon/slot_car/slot_car,0.38827154218081306,0.1924384812547791,0.030942181864188557,0.017216820993869966,0.017182666671505017,0.4237588447487475,0.9054483853528746
2024/03/24/23:08:31.528489,14641,1711336111,508014622,/vicon/world,vicon/slot_car/slot_car,0.38735514312453456,0.19129453408842043,0.030987911901602806,0.017991412929009843,0.019325549874866836,0.4208379292192303,0.9067514926998036
2024/03/24/23:08:31.536774,14642,1711336111,516294990,/vicon/world,vicon/slot_car/slot_car,0.38634849559010725,0.19021162105929346,0.030965335005139503,0.01820891017426182,0.019357233444077533,0.41755070666170846,0.9082649065498265
2024/03/24/23:08:31.549453,14643,1711336111,524748789,/vicon/world,vicon/slot_car/slot_car,0.3852820224996205,0.1890473679638908,0.03092897672051294,0.01838441962894718,0.019281061064171975,0.4144063794282027,0.9097019327715837
2024/03/24/23:08:31.557081,14644,1711336111,532775047,/vicon/world,vicon/slot_car/slot_car,0.3843066568183597,0.18795061774936925,0.03087907094638323,0.01851954808979932,0.019269450401043497,0.41160364206892797,0.9109709964951602
2024/03/24/23:08:31.565494,14645,1711336111,541114147,/vicon/world,vicon/slot_car/slot_car,0.38337975321162826,0.1869312421889324,0.03083334114861653,0.018421015990055124,0.020567490271065973,0.40729547237039665,0.9128789857918842
2024/03/24/23:08:31.582568,14646,1711336111,549685137,/vicon/world,vicon/slot_car/slot_car,0.3823456100006866,0.18589175144970735,0.030827567974909643,0.01924992664037457,0.020814201901787798,0.4039891331440607,0.9143243350283543
2024/03/24/23:08:31.582587,14647,1711336111,557880638,/vicon/world,vicon/slot_car/slot_car,0.38121666266681026,0.18467176830437446,0.030769125937589178,0.02022352145624288,0.020938097357076583,0.40061870137763983,0.9157823220424535
2024/03/24/23:08:31.591044,14648,1711336111,566717300,/vicon/world,vicon/slot_car/slot_car,0.3799420550350657,0.18336694731198167,0.030662143836414867,0.020443811934431216,0.017640219979835836,0.39617233930270723,0.9177790315561112
2024/03/24/23:08:31.598535,14649,1711336111,574297000,/vicon/world,vicon/slot_car/slot_car,0.3786373139199413,0.18226113756792034,0.030614096865661227,0.018680688440590835,0.015762922765767816,0.3925243740107464,0.919416759664918
2024/03/24/23:08:31.606793,14650,1711336111,582799765,/vicon/world,vicon/slot_car/slot_car,0.377266609400792,0.18111966444644526,0.030603645652445242,0.016706598079648582,0.013126411628874063,0.3893868236902957,0.9208292395633063
2024/03/24/23:08:31.615161,14651,1711336111,591149666,/vicon/world,vicon/slot_car/slot_car,0.37602319879113044,0.179896409714559,0.0305929781109106,0.017361166429704672,0.01457615842028935,0.3855451789621282,0.9224104512010731
2024/03/24/23:08:31.632120,14652,1711336111,599667742,/vicon/world,vicon/slot_car/slot_car,0.37479559655832867,0.17870709673754717,0.030591370500866837,0.018169691073008882,0.015774531084905702,0.3816387013686091,0.9239983377220136
2024/03/24/23:08:31.632686,14653,1711336111,608314442,/vicon/world,vicon/slot_car/slot_car,0.3733596059371814,0.1776110154306375,0.03054123738150549,0.016684397526742386,0.013370950724214946,0.37640314035270084,0.9262092228479077
2024/03/24/23:08:31.644468,14654,1711336111,620444718,/vicon/world,vicon/slot_car/slot_car,0.37199591060731013,0.17650292771211745,0.030563816020264308,0.014840624200248434,0.011102567155444915,0.3722115131726484,0.9279628647406281
2024/03/24/23:08:31.648952,14655,1711336111,624899217,/vicon/world,vicon/slot_car/slot_car,0.37089233929683474,0.17531652841034598,0.030631059385985964,0.016048986003525237,0.014019834726064698,0.36776389592466296,0.9296749922079361
2024/03/24/23:08:31.657211,14656,1711336111,633086562,/vicon/world,vicon/slot_car/slot_car,0.3694355848826555,0.17416870241738605,0.030597485060048377,0.014800637825078422,0.010984801041041435,0.36371706606708887,0.9313271021062409
2024/03/24/23:08:31.665302,14657,1711336111,641394063,/vicon/world,vicon/slot_car/slot_car,0.36795928526765764,0.17301533579278372,0.030558460756695358,0.013764445470614945,0.008680946518955965,0.35911703637000114,0.9331506498938147
2024/03/24/23:08:31.683342,14658,1711336111,650830106,/vicon/world,vicon/slot_car/slot_car,0.36666967309643445,0.17177642314692257,0.030565192669339783,0.015065220653342122,0.009872862633333104,0.3547771104077067,0.9347773893504524
2024/03/24/23:08:31.683365,14659,1711336111,658958606,/vicon/world,vicon/slot_car/slot_car,0.3652353220364417,0.17064434443039833,0.03057681973821955,0.014094197356133325,0.009192335047293481,0.3504923950301599,0.9364144037782028
2024/03/24/23:08:31.690772,14660,1711336111,667065567,/vicon/world,vicon/slot_car/slot_car,0.36376357868810755,0.16950748503029248,0.03063029636318817,0.013553563335370647,0.008554617134052553,0.34632201373561633,0.9379787749457402
2024/03/24/23:08:31.698809,14661,1711336111,674931068,/vicon/world,vicon/slot_car/slot_car,0.3624002140532882,0.16832720904443405,0.03061598122696178,0.014262869951335093,0.009006601511550106,0.34206107216962633,0.9395263032912539
2024/03/24/23:08:31.725860,14662,1711336111,685123024,/vicon/world,vicon/slot_car/slot_car,0.36096792958769464,0.16719398379382586,0.030601897345614217,0.014284387036333975,0.008708676864810165,0.33787736378372435,0.9410414455680586
